{
  "frames": {
    "train": {
      "frame": {
        "x": 0,
        "y": 0,
        "w": 32,
        "h": 32
      },
      "rotated": false,
      "trimmed": false,
      "spriteSourceSize": {
        "x": 0,
        "y": 0,
        "w": 32,
        "h": 32
      },
      "sourceSize": {
        "w": 32,
        "h": 32
      }
    },
    "info": {
      "frame": {
        "x": 32,
        "y": 0,
        "w": 32,
        "h": 32
      },
      "rotated": false,
      "trimmed": false,
      "spriteSourceSize": {
        "x": 0,
        "y": 0,
        "w": 32,
        "h": 32
      },
      "sourceSize": {
        "w": 32,
        "h": 32
      }
    },
    "food": {
      "frame": {
        "x": 64,
        "y": 0,
        "w": 32,
        "h": 32
      },
      "rotated": false,
      "trimmed": false,
      "spriteSourceSize": {
        "x": 0,
        "y": 0,
        "w": 32,
        "h": 32
      },
      "sourceSize": {
        "w": 32,
        "h": 32
      }
    },
    "clean": {
      "frame": {
        "x": 96,
        "y": 0,
        "w": 32,
        "h": 32
      },
      "rotated": false,
      "trimmed": false,
      "spriteSourceSize": {
        "x": 0,
        "y": 0,
        "w": 32,
        "h": 32
      },
      "sourceSize": {
        "w": 32,
        "h": 32
      }
    },
    "save": {
      "frame": {
        "x": 128,
        "y": 0,
        "w": 32,
        "h": 32
      },
      "rotated": false,
      "trimmed": false,
      "spriteSourceSize": {
        "x": 0,
        "y": 0,
        "w": 32,
        "h": 32
      },
      "sourceSize": {
        "w": 32,
        "h": 32
      }
    },
    "delete": {
      "frame": {
        "x": 160,
        "y": 0,
        "w": 32,
        "h": 32
      },
      "rotated": false,
      "trimmed": false,
      "spriteSourceSize": {
        "x": 0,
        "y": 0,
        "w": 32,
        "h": 32
      },
      "sourceSize": {
        "w": 32,
        "h": 32
      }
    }
  },
  "meta": {
    "app": "https://www.leshylabs.com/apps/sstool/",
    "version": "Leshy SpriteSheet Tool v0.8.4",
    "image": "spritesheet.png",
    "size": {
      "w": 192,
      "h": 32
    },
    "scale": 1
  }
}