{
  "frames": {
    "top-left": {
      "frame": {
        "x": 8,
        "y": 10,
        "w": 14,
        "h": 14
      },
      "rotated": false,
      "trimmed": false,
      "spriteSourceSize": {
        "x": 0,
        "y": 0,
        "w": 14,
        "h": 14
      },
      "sourceSize": {
        "w": 14,
        "h": 14
      }
    },
    "top-center": {
      "frame": {
        "x": 24,
        "y": 10,
        "w": 14,
        "h": 14
      },
      "rotated": false,
      "trimmed": false,
      "spriteSourceSize": {
        "x": 0,
        "y": 0,
        "w": 14,
        "h": 14
      },
      "sourceSize": {
        "w": 14,
        "h": 14
      }
    },
    "top-right": {
      "frame": {
        "x": 40,
        "y": 10,
        "w": 14,
        "h": 14
      },
      "rotated": false,
      "trimmed": false,
      "spriteSourceSize": {
        "x": 0,
        "y": 0,
        "w": 14,
        "h": 14
      },
      "sourceSize": {
        "w": 14,
        "h": 14
      }
    },
    "mid-left": {
      "frame": {
        "x": 8,
        "y": 26,
        "w": 14,
        "h": 14
      },
      "rotated": false,
      "trimmed": false,
      "spriteSourceSize": {
        "x": 0,
        "y": 0,
        "w": 14,
        "h": 14
      },
      "sourceSize": {
        "w": 14,
        "h": 14
      }
    },
    "mid-center": {
      "frame": {
        "x": 24,
        "y": 26,
        "w": 14,
        "h": 14
      },
      "rotated": false,
      "trimmed": false,
      "spriteSourceSize": {
        "x": 0,
        "y": 0,
        "w": 14,
        "h": 14
      },
      "sourceSize": {
        "w": 14,
        "h": 14
      }
    },
    "mid-right": {
      "frame": {
        "x": 40,
        "y": 26,
        "w": 14,
        "h": 14
      },
      "rotated": false,
      "trimmed": false,
      "spriteSourceSize": {
        "x": 0,
        "y": 0,
        "w": 14,
        "h": 14
      },
      "sourceSize": {
        "w": 14,
        "h": 14
      }
    },
    "bot-left": {
      "frame": {
        "x": 8,
        "y": 42,
        "w": 14,
        "h": 14
      },
      "rotated": false,
      "trimmed": false,
      "spriteSourceSize": {
        "x": 0,
        "y": 0,
        "w": 14,
        "h": 14
      },
      "sourceSize": {
        "w": 14,
        "h": 14
      }
    },
    "bot-center": {
      "frame": {
        "x": 24,
        "y": 42,
        "w": 14,
        "h": 14
      },
      "rotated": false,
      "trimmed": false,
      "spriteSourceSize": {
        "x": 0,
        "y": 0,
        "w": 14,
        "h": 14
      },
      "sourceSize": {
        "w": 14,
        "h": 14
      }
    },
    "bot-right": {
      "frame": {
        "x": 40,
        "y": 42,
        "w": 14,
        "h": 14
      },
      "rotated": false,
      "trimmed": false,
      "spriteSourceSize": {
        "x": 0,
        "y": 0,
        "w": 14,
        "h": 14
      },
      "sourceSize": {
        "w": 14,
        "h": 14
      }
    }
  },
  "meta": {
    "app": "https://www.leshylabs.com/apps/sstool/",
    "version": "Leshy SpriteSheet Tool v0.8.4",
    "image": "spritesheet.png",
    "size": {
      "w": 64,
      "h": 64
    },
    "scale": 1
  }
}