{
  "frames":
    {
      "egg_static_1":
        {
          "frame": {"x":0,"y":0,"w":32, "h":32},
          "rotated":false,
          "trimmed":false,
          "spriteSourceSize": {"x":0,"y":0,"w":32,"h":32},
          "sourceSize":{"w":32,"h":32}
        },
      "egg_bounce":
        {
          "frame":{"x":32,"y":0,"w":32,"h":32},
          "rotated":false,
          "trimmed":false,
          "spriteSourceSize":{"x":0,"y":0,"w":32,"h":32},
          "sourceSize":{"w":32,"h":32}
        },
      "egg_squash":
        {
          "frame":{"x":64,"y":0,"w":32,"h":32},
          "rotated":false,
          "trimmed":false,
          "spriteSourceSize":{"x":0,"y":0,"w":32,"h":32},
          "sourceSize":{"w":32,"h":32}
        },
      "egg_static_2":
        {
          "frame":{"x":96,"y":0,"w":32,"h":32},
          "rotated":false,
          "trimmed":false,
          "spriteSourceSize":{"x":0,"y":0,"w":32,"h":32},
          "sourceSize":{"w":32,"h":32}
        },
      "egg_shake_1":
        {
          "frame":{"x":128,"y":0,"w":32,"h":32},
          "rotated":false,
          "trimmed":false,
          "spriteSourceSize":{"x":0,"y":0,"w":32,"h":32},
          "sourceSize":{"w":32,"h":32}
        },
      "egg_static_3":
        {
          "frame":{"x":160,"y":0,"w":32,"h":32},
          "rotated":false,
          "trimmed":false,
          "spriteSourceSize":{"x":0,"y":0,"w":32,"h":32},
          "sourceSize":{"w":32,"h":32}
        },
      "egg_shake_2":
        {
          "frame":{"x":192,"y":0,"w":32,"h":32},
          "rotated":false,
          "trimmed":false,
          "spriteSourceSize":{"x":0,"y":0,"w":32,"h":32},
          "sourceSize":{"w":32,"h":32}
        },
      "egg_crack":
        {
          "frame":{"x":224,"y":0,"w":32,"h":32},
          "rotated":false,
          "trimmed":false,
          "spriteSourceSize":{"x":0,"y":0,"w":32,"h":32},
          "sourceSize":{"w":32,"h":32}
        }
      },
  "meta":
  {
    "image":"spritesheet.png",
    "size":{"w":256,"h":32},
    "scale":1
  },
  "pet-data":
    {
    
    }
}